index,Winddir,Windspeed,Gust_Factor,visability,Condition,cloudCover,ceiling,temp,dew,alt,Conditions
0,300,5,0,10,0,0,0,-2,-9,3029,NP
1,260,14,0,10,0,0,0,3,-2,2981,NP
2,320,11,0,10,0,0,0,-17,-20,3022,NP
3,270,9,0,10,0,0,0,-8,-16,3026,NP
4,250,14,0,9,0,0,0,9,7,2963,NP
5,290,11,0,9,0,6,27,-3,-8,3004,NP
6,230,9,17,10,0,0,0,12,9,2979,NP
7,40,5,0,10,1.25,5,15,3,2,3032,NP
8,280,11,0,10,0,0,0,-9,-14,3010,NP
9,320,10,0,9,1.25,6,15,15,13,2993,NP
10,270,11,0,10,0,0,0,-9,-15,3012,NP
11,340,15,20,10,0,0,0,-1,-8,3014,NP
12,0,22,0,10,0,4,23,4,-1,2978,NP
13,220,10,0,10,0,5,26,15,13,2967,NP
14,250,10,0,10,0,6,24,9,7,2967,NP
15,270,9,0,10,0,0,0,-6,-10,3017,NP
16,330,13,0,10,0,0,0,-9,-14,3035,NP
17,290,7,0,10,0,0,0,-6,-10,2989,NP
18,300,14,19,10,0,0,0,-13,-17,2998,NP
19,310,7,0,9,3.25,7,18,-13,-16,3007,NP
20,280,11,0,0,3,8,14,-13,-17,2997,NP
21,250,14,0,10,0,0,0,1,-3,2994,NP
22,310,5,0,10,0,0,0,-12,-16,3010,NP
23,280,16,0,10,0,0,0,1,-2,2970,NP
24,0,14,0,4,1,7,9,6,4,3028,NP
25,180,5,0,10,0,7,30,7,6,2956,NP
26,360,4,0,10,0,0,0,6,-7,3038,NP
27,330,11,18,10,0,0,0,-5,-12,3029,NP
28,280,11,0,7,3.25,7,18,-13,-15,3003,NP
29,270,11,0,10,0,0,0,-11,-16,3013,NP
30,250,10,0,9,3.25,4,45,-2,-5,3012,NP
31,250,7,0,10,1.25,4,25,12,8,2977,NP
32,270,13,0,10,0,0,0,-10,-14,3010,NP
33,350,8,0,10,0,0,0,8,3,3004,NP
34,260,13,0,9,1.25,4,11,13,10,2967,NP
35,290,11,0,10,0,0,0,-1,-7,3014,NP
36,0,0,0,10,1.25,4,21,5,2,2982,NP
37,220,10,0,8,1.25,7,7,10,8,2980,NP
38,290,10,0,9,0,0,0,-11,-16,3013,NP
39,270,10,0,10,0,0,0,1,-4,2994,NP
40,300,11,0,9,3.25,7,16,-13,-16,3005,NP
41,290,9,0,10,0,0,0,-9,-14,3009,NP
42,310,8,0,10,0,0,0,-1,-11,3034,NP
43,290,14,22,2,3.25,5,9,-4,-4,2944,NP
44,330,11,0,6,3.25,7,30,-9,-13,2965,NP
45,170,7,0,10,0,6,44,6,6,2949,NP
46,340,11,0,10,0,0,0,-1,-9,3017,NP
47,320,10,0,10,0,0,0,-2,-9,3026,NP
48,30,8,0,4,1,7,9,4,3,3035,NP
49,320,8,0,10,0,0,0,-5,-11,3032,NP
50,240,15,0,10,0,0,0,-4,-7,3004,NP
51,270,16,0,10,0,6,35,8,2,2980,NP
52,0,0,0,10,0,0,0,-9,-12,3017,NP
53,290,11,24,10,0,0,0,-2,-6,2997,NP
54,340,11,0,10,0,0,0,-4,-12,3027,NP
55,210,10,0,7,1.25,7,4,6,6,2971,NP
56,230,15,0,10,0,0,0,-1,-6,3011,NP
57,270,13,0,10,0,0,0,2,-3,2987,NP
58,260,11,0,10,0,0,0,-6,-13,3014,NP
59,290,21,29,10,0,0,0,-1,-4,2963,NP
60,300,4,0,10,0,0,0,-1,-9,3034,NP
61,280,9,0,10,0,0,0,2,-1,2994,NP
62,310,7,0,10,0,7,29,-10,-13,3021,NP
63,270,11,0,10,0,7,30,11,8,2976,NP
64,290,14,0,10,0,7,47,-5,-7,2970,NP
65,240,13,20,10,0,5,37,9,5,2959,NP
66,270,11,0,10,0,0,0,1,-4,2994,NP
67,290,11,0,10,0,0,0,-18,-23,3000,NP
68,270,11,0,10,0,0,0,2,-1,2984,NP
69,300,8,0,7,3.25,7,27,-13,-17,2985,NP
70,250,13,0,10,0,6,38,10,7,2965,NP
71,260,5,0,10,0,0,0,-9,-12,3015,NP
72,260,19,0,10,0,0,0,4,0,2973,NP
73,250,2,0,10,0,0,0,-6,-9,3017,NP
74,250,16,0,10,0,0,0,0,-3,2995,NP
75,220,7,0,10,0,0,0,-8,-11,3015,NP
76,270,13,0,10,0,0,0,1,-4,2993,NP
77,320,11,0,1,3.25,8,14,-13,-16,2990,NP
78,280,14,0,10,1.25,6,65,12,4,2993,NP
79,260,7,0,10,0,0,0,4,-7,3035,NP
80,250,10,0,10,0,6,41,-6,-12,2996,NP
81,300,11,0,1,3.25,6,8,1,-1,2964,NP
82,0,19,0,9,0,7,25,8,7,2947,NP
83,280,5,0,10,0,6,50,-7,-12,2997,NP
84,320,11,0,9,3.25,6,25,-6,-9,2977,NP
85,280,14,0,10,0,0,0,-2,-7,2979,NP
86,250,10,15,10,0,0,0,1,-4,2993,NP
87,320,13,0,0,3.5,8,8,-12,-16,2994,NP
88,230,7,0,10,0,0,0,-11,-13,3010,NP
89,300,15,0,10,0,0,0,4,2,2963,NP
90,300,13,0,8,3.25,7,16,-9,-11,2984,NP
91,270,13,0,10,0,7,29,2,-2,2993,NP
92,200,7,0,10,0,0,0,10,9,2978,NP
93,210,11,0,10,0,7,29,15,13,2965,NP
94,280,8,0,4,3.25,6,16,-8,-11,2993,NP
95,260,8,0,10,0,0,0,-9,-16,3019,NP
96,260,10,0,10,0,0,0,-1,-9,3017,NP
97,240,14,20,10,0,0,0,6,1,2971,NP
98,250,7,0,10,0,0,0,-3,-6,3004,NP
99,220,15,0,10,1.25,7,9,12,10,2979,NP
100,340,8,0,3,3.25,4,21,-12,-16,2979,NP
101,190,2,0,10,0,7,100,-14,-16,3007,NP
102,290,5,0,10,0,0,0,-4,-8,3009,NP
103,320,16,0,6,3.25,6,12,-2,-5,2976,NP
104,290,10,0,9,0,0,0,-12,-15,2998,NP
105,250,10,0,10,0,0,0,-1,-6,3001,NP
106,270,11,0,10,0,0,0,1,-4,2994,NP
107,330,5,0,10,0,0,0,-3,-7,3021,NP
108,260,10,0,6,0.25,6,12,-2,-5,3010,NP
109,350,15,0,0,11,8,9,-11,-14,2968,NP
110,210,5,0,10,0,0,0,-9,-13,3009,NP
111,260,14,20,9,0,6,22,9,7,2965,NP
112,210,7,0,10,0,6,120,11,10,2978,NP
113,310,18,24,3,3.25,5,12,-1,-3,2946,NP
114,300,5,0,10,0,0,0,-1,-10,3032,NP
115,260,17,0,10,0,0,0,11,9,2960,NP
116,300,11,0,10,0,6,27,-6,-11,2995,NP
117,290,5,0,10,0,0,0,-10,-18,3021,NP
118,220,14,0,10,0,0,0,-2,-6,3004,NP
119,290,11,0,10,0,6,37,12,8,2980,NP
120,280,11,0,10,0,7,100,-16,-19,3002,NP
121,320,11,0,10,0,0,0,-9,-14,3030,NP
122,310,10,15,10,0,0,0,12,6,2996,NP
123,300,9,16,10,0,0,0,-2,-8,2973,NP
124,300,14,0,9,3.25,7,19,-4,-7,2964,NP
125,270,8,0,10,0,0,0,-9,-13,3014,NP
126,300,11,0,10,0,0,0,-4,-7,2962,NP
127,310,8,0,10,0,0,0,-1,-6,3013,NP
128,270,8,0,10,0,0,0,-9,-13,3014,NP
129,290,9,14,1,3.25,5,11,-3,-5,3004,NP
130,300,13,0,10,0,0,0,-9,-14,3035,NP
131,260,9,0,10,0,0,0,-17,-21,3018,NP
132,290,11,17,10,0,7,70,-7,-10,2986,NP
133,320,14,20,10,0,0,0,-4,-12,3028,NP
134,290,7,0,1,3.25,7,22,-4,-7,2992,NP
135,290,13,0,9,3.25,6,27,-6,-11,2995,NP
136,190,2,0,8,0,0,0,7,7,2990,NP
137,230,4,0,10,0,0,0,-2,-8,3038,NP
138,300,11,0,5,3.25,6,23,-6,-11,3011,NP
139,270,14,0,10,1.25,5,6,9,9,2998,NP
140,250,10,15,10,0,7,27,-4,-8,3019,NP
141,290,10,0,10,0,0,0,-9,-14,3020,NP
142,310,14,0,10,0,7,100,17,13,2987,NP
143,240,10,0,10,0,6,13,12,10,2957,NP
144,280,2,0,10,0,5,65,12,8,2975,NP
145,330,8,0,10,0,0,0,-6,-11,3026,NP
146,240,7,0,10,1.25,5,14,14,13,2985,NP
147,310,2,0,10,0,0,0,-12,-14,2996,NP
148,310,5,0,10,0,0,0,-9,-12,3025,NP
149,220,15,0,10,0,0,0,14,11,2969,NP
150,310,9,15,10,0,0,0,-2,-9,3027,NP
151,300,10,0,9,3.25,7,19,-12,-15,2998,NP
152,330,9,0,10,0,7,35,-9,-14,3029,NP
153,0,16,0,10,0,7,22,6,2,2982,NP
154,180,8,0,10,0,0,0,8,-11,3030,NP
155,260,4,0,10,1.25,6,7,10,10,2992,NP
156,260,15,0,10,0,0,0,-4,-7,3009,NP
157,210,9,0,10,1.25,7,13,13,12,2971,NP
158,350,10,0,10,0,0,0,-4,-7,3011,NP
159,290,11,0,10,0,0,0,-1,-7,3015,NP
160,200,9,0,7,0,6,22,16,13,2990,NP
161,290,8,0,7,3.25,7,25,-7,-13,3012,NP
162,0,0,0,3,1,5,9,1,1,2962,NP
163,0,17,0,10,0,6,55,1,-3,2994,NP
164,220,9,0,7,0,0,0,8,8,2971,NP
165,290,5,0,10,0,0,0,-13,-17,2987,NP
166,280,10,0,1,3.25,8,16,-13,-17,2997,NP
167,260,5,0,10,0,6,23,14,12,2988,NP
168,240,5,0,10,0,0,0,-3,-9,3028,NP
169,280,14,0,1,3.25,5,16,-4,-8,3007,NP
170,290,11,0,10,0,7,70,-13,-17,3014,NP
171,290,5,0,10,0,0,0,-9,-15,3005,NP
172,0,0,0,3,10,7,44,11,8,2982,NP
173,0,0,0,10,0,0,0,-1,-6,3037,NP
175,250,9,0,10,0,0,0,9,4,2979,NP
176,330,10,0,10,0,6,28,-3,-7,2970,NP
177,280,17,0,10,0,0,0,1,-3,2995,NP
178,350,4,0,10,0,0,0,0,-10,3032,NP
179,340,11,0,6,3.25,6,29,-12,-16,2976,NP
180,300,14,0,9,3.25,7,18,-10,-13,2988,NP
181,280,11,0,10,0,0,0,-11,-17,3013,NP
182,280,9,0,10,0,0,0,-2,-6,3004,NP
183,230,4,0,10,0,0,0,-8,-12,3017,NP
184,270,11,0,10,0,0,0,-7,-16,3023,NP
185,310,9,0,10,0,0,0,-11,-16,3011,NP
186,320,11,22,3,3.25,6,14,-3,-5,2953,NP
187,240,15,0,10,0,6,37,24,17,3002,NP
188,200,13,0,10,1.25,7,14,13,12,2971,NP
189,260,11,0,10,0,0,0,-5,-14,3019,NP
190,290,14,0,6,3.25,4,15,-9,-11,2993,NP
191,290,10,0,10,0,0,0,-11,-16,3014,NP
192,220,2,17,10,0,0,0,-2,-9,3032,NP
193,320,16,0,10,0,4,27,5,-2,2997,NP
194,320,5,0,10,0,7,95,-8,-12,2984,NP
195,250,10,0,1,3.25,6,16,-5,-8,3011,NP
196,210,11,16,9,0,0,0,18,13,2990,NP
197,0,0,0,5,10,4,3,2,1,2960,NP
198,180,14,0,10,0,7,48,10,7,2955,NP
199,290,13,18,10,0,0,0,-4,-8,2990,NP
200,270,5,0,10,0,4,22,11,7,2973,NP
201,310,9,0,9,0,7,30,-6,-10,3032,NP
202,340,15,0,10,0,0,0,1,-6,3007,NP
203,280,2,0,10,0,0,0,-17,-21,3005,NP
204,350,11,17,10,0,0,0,-1,-8,3012,NP
205,310,5,0,10,0,0,0,-5,-14,3035,NP
206,350,5,0,10,0,0,0,0,-9,3031,NP
207,260,7,0,10,0,0,0,-2,-8,3020,NP
208,230,5,0,10,0,0,0,12,9,2975,NP
209,340,11,0,10,0,0,0,-1,-9,3017,NP
210,80,7,0,10,0,5,79,1,-6,3021,NP
211,230,4,0,10,0,0,0,-18,-22,3020,NP
212,240,5,0,10,0,0,0,-8,-12,3013,NP
213,0,0,0,10,0,0,0,-9,-12,3020,NP
214,310,5,0,10,0,0,0,-1,-10,3034,NP
215,0,19,0,10,0,6,36,11,6,2962,NP
216,0,0,0,10,0,0,0,-1,-6,3037,NP
217,270,17,0,10,0,0,0,-1,-3,2984,NP
218,270,16,0,10,0,7,33,9,5,2965,NP
219,270,14,0,10,0,7,25,4,1,2975,NP
220,340,8,0,10,0,0,0,-1,-8,3019,NP
221,260,2,0,10,0,0,0,-4,-8,3028,NP
222,20,2,0,10,0,0,0,-4,-8,3027,NP
223,270,16,24,10,0,0,0,3,-1,2960,NP
224,230,9,17,10,0,6,23,14,13,2963,NP
225,0,0,0,0,9,8,2,6,6,2990,NP
226,320,4,0,10,0,0,0,0,-9,3029,NP
227,10,8,0,10,0,0,0,0,-7,3022,NP
228,240,15,0,10,0,7,32,1,-3,2995,NP
229,250,13,0,10,0,0,0,6,-1,2978,NP
230,300,9,0,10,0,6,23,-9,-14,3029,NP
231,220,7,0,5,1.25,6,14,14,13,2985,NP
232,240,14,0,10,0,7,16,11,9,2962,NP
233,320,11,0,10,0,7,46,-4,-8,2971,NP
234,290,8,0,10,0,0,0,-8,-18,3014,NP
235,330,15,0,10,0,0,0,-9,-14,3029,NP
236,260,7,0,10,0,0,0,-8,-16,3006,NP
237,310,9,0,10,0,0,0,-7,-11,2982,NP
238,340,11,0,3,3.25,5,11,-4,-6,2954,NP
239,290,11,0,9,0,0,0,-7,-12,2995,NP
240,290,17,22,10,0,0,0,-2,-6,2967,NP
241,260,14,0,10,0,0,0,-4,-7,3009,NP
242,270,10,0,10,0,0,0,-1,-2,2985,NP
243,250,13,0,10,0,6,22,9,7,2965,NP
244,350,11,0,8,3.25,7,30,-16,-19,3019,NP
245,270,5,0,10,0,0,0,-9,-12,3015,NP
246,300,9,17,3,3.25,4,26,-6,-9,2971,NP
247,0,18,0,10,0,6,22,6,3,2970,NP
248,0,0,0,9,3.25,4,11,-13,-16,3013,NP
249,270,13,0,10,0,0,0,-12,-17,3010,NP
250,260,15,22,10,0,6,31,8,4,2957,NP
251,10,4,0,10,0,7,110,1,-9,3035,NP
252,200,7,0,10,0,0,0,10,9,2977,NP
253,290,11,0,10,0,0,0,3,-2,2992,NP
254,0,0,0,1,10,6,4,6,5,2992,NP
255,230,10,0,10,0,0,0,-7,-11,3012,NP
256,280,17,0,10,0,6,33,0,-8,3012,NP
257,220,5,0,10,0,0,0,10,9,2990,NP
258,270,9,0,10,0,0,0,-2,-8,3020,NP
259,220,10,0,10,0,0,0,12,9,2973,NP
260,320,11,0,10,0,5,75,3,-3,3003,NP
261,240,7,0,4,1.25,6,12,14,13,2985,NP
262,270,8,0,10,0,7,90,9,3,2997,NP
263,260,10,0,10,0,0,0,-5,-11,3021,NP
264,250,13,0,6,1.25,6,8,8,8,2977,NP
265,340,8,0,10,0,0,0,-1,-10,3034,NP
266,310,9,0,10,0,0,0,-10,-14,2978,NP
267,300,7,0,10,0,0,0,-6,-13,3031,NP
268,270,15,0,10,0,7,24,5,1,2977,NP
269,290,8,0,10,0,0,0,-3,-7,2975,NP
270,330,11,0,10,0,0,0,-1,-8,3009,NP
271,0,0,0,10,0,6,65,-6,-9,3015,NP
272,330,5,0,6,11,5,25,-11,-13,3020,NP
273,270,4,0,10,0,0,0,-14,-16,3030,NP
274,250,8,0,10,0,0,0,-1,-4,2984,NP
275,300,11,0,10,0,7,70,10,4,3004,NP
276,210,10,0,10,0,0,0,14,13,2988,NP
277,290,8,0,10,0,6,27,-10,-16,3029,NP
278,260,9,0,10,0,0,0,-2,-10,3029,NP
279,250,5,0,10,0,5,55,12,9,2979,NP
280,180,4,0,10,0,0,0,-10,-13,3010,NP
281,300,7,0,10,0,0,0,-5,-8,3009,NP
282,260,11,17,6,0.25,6,12,-2,-5,3007,NP
283,280,10,19,9,0,0,0,-6,-9,2970,NP
284,260,21,0,10,0,7,26,4,0,2976,NP
285,270,7,0,10,0,0,0,-3,-12,3028,NP
286,290,14,0,10,0,7,110,0,-8,3015,NP
287,260,4,0,10,0,0,0,-3,-9,3027,NP
288,100,5,0,10,0,0,0,6,-7,3023,NP
289,280,10,0,9,3.25,7,16,-11,-16,3013,NP
290,160,4,0,10,0,0,0,-16,-17,3005,NP
291,220,4,0,10,0,0,0,-7,-11,3025,NP
292,310,5,0,10,0,0,0,-7,-14,2996,NP
293,290,14,0,10,0,0,0,-3,-8,2979,NP
294,280,18,23,9,3.25,6,14,-7,-9,2979,NP
295,340,4,0,10,0,0,0,2,-4,3038,NP
296,250,5,0,9,0,0,0,-21,-24,3010,NP
297,340,2,0,10,0,0,0,-8,-13,3032,NP
298,240,9,0,10,0,0,0,-3,-6,3010,NP
299,230,17,0,10,0,5,33,-1,-7,3015,NP
300,300,11,0,10,0,0,0,-4,-6,2961,NP
301,0,18,0,10,0,7,33,8,4,2967,NP
302,250,11,0,10,0,0,0,-3,-6,3004,NP
303,280,11,0,10,0,0,0,2,-2,2997,NP
304,280,8,0,10,0,0,0,-11,-15,3029,NP
305,290,16,19,9,3.25,7,18,-10,-13,2989,NP
306,200,5,0,10,0,0,0,10,9,2977,NP
307,330,13,0,9,3.25,6,60,-6,-8,2961,NP
308,0,17,0,10,0,7,27,11,9,2959,NP
309,340,14,0,10,0,0,0,-1,-8,3019,NP
310,270,13,0,10,0,0,0,1,-4,2994,NP
311,310,11,0,9,3.25,7,23,-6,-10,2979,NP
312,250,20,0,10,0,6,25,5,1,2946,NP
313,280,5,0,10,0,0,0,-18,-20,3011,NP
314,330,10,0,9,3.25,4,19,-8,-11,2970,NP
315,310,9,0,2,11,7,9,-21,-24,3006,NP
316,280,11,0,10,0,0,0,-1,-6,2996,NP
317,260,11,0,10,0,0,0,-9,-17,3013,NP
318,200,7,0,10,0,5,100,19,17,2987,NP
319,200,22,0,10,0,0,0,11,9,2938,P
320,220,4,0,10,0,0,0,6,-4,2975,P
321,30,9,14,10,0,5,48,29,17,3019,P
322,200,4,0,8,0,5,15,29,26,2987,P
323,200,11,0,10,0,0,0,6,2,2945,P
324,260,22,0,5,11,2,0,17,-2,2946,P
325,230,7,0,10,0,0,0,-1,-4,3006,P
326,150,5,0,10,0,0,0,1,-4,3015,P
327,190,7,0,10,0,0,0,29,21,2997,P
328,230,5,0,0,1.25,7,3,2,2,2994,P
329,0,0,0,10,0,0,0,-8,-11,3042,P
330,90,5,0,10,0,0,0,-8,-11,3037,P
331,70,4,0,10,0,0,0,-5,-8,3037,P
332,80,11,16,10,0,0,0,-2,-6,3013,P
333,210,7,0,10,0,0,0,-15,-23,3003,P
334,290,5,0,10,0,0,0,-15,-23,3006,P
335,230,3,0,10,0,0,0,-16,-24,3006,P
336,70,8,0,10,0,0,0,-3,-6,3013,P
337,90,11,0,7,0,0,0,-1,-5,3017,P
338,90,13,0,9,0,0,0,-2,-5,3017,P
339,350,5,0,10,0,0,0,-4,-11,3020,P
340,20,5,0,10,0,0,0,-3,-8,3018,P
341,330,4,0,10,0,0,0,-4,-12,3020,P
342,180,4,0,10,0,0,0,-16,-26,3001,P
343,170,14,0,10,0,0,0,-6,-12,3019,P
344,120,8,0,1,10,8,4,8,8,2928,P
345,120,8,0,1,10,8,4,8,8,2928,P
346,80,16,26,10,0,0,0,17,6,2951,P
347,80,16,0,10,0,0,0,18,7,2943,P
348,40,22,0,0,3,7,8,-2,-4,2971,P
349,50,10,0,0,3,5,7,-1,-2,2977,P
350,20,14,0,4,1.25,7,4,2,2,2953,P
351,90,5,0,10,0,0,0,-8,-11,3037,P
352,100,6,0,1,3.25,8,15,-3,-5,3029,P
353,30,16,26,3,3.25,6,15,-2,-5,2965,P
354,20,12,0,2,1.25,7,7,3,2,2956,P
355,130,4,0,8,0,0,0,-6,-8,3034,P
356,40,14,0,2,1,7,3,1,0,2955,P
357,50,17,0,1,3.25,8,16,-7,-9,2989,P
358,0,15,0,0,3,7,7,-3,-4,2970,P
359,50,10,0,0,3,5,7,-1,-2,2977,P
360,60,20,26,10,0,0,0,14,6,2940,P
361,30,15,0,2,1.25,7,3,3,2,2954,P
362,140,9,0,10,0,0,0,-1,-4,3020,P
363,150,3,0,10,0,0,0,3,-2,3014,P
364,90,4,0,10,0,0,0,-18,-23,3010,P
365,80,5,0,9,3.25,7,30,-16,-18,3005,P
366,10,12,0,2,1.25,7,3,2,1,2986,P
367,90,3,0,10,0,0,0,-26,-28,3002,P
368,50,3,0,10,0,0,0,-14,-19,3026,P
369,50,3,0,10,0,0,0,-14,-19,3026,P
370,60,7,0,10,0,0,0,-7,-12,3023,P
371,0,0,0,4,3.25,7,25,-9,-12,3001,P
372,90,3,0,10,0,0,0,-26,-28,3002,P
373,0,0,0,10,0,0,0,-23,-25,3002,P
374,150,3,0,10,0,0,0,3,-2,3014,P
375,130,8,0,10,0,0,0,3,-2,3012,P
376,150,3,0,10,0,0,0,3,-2,3014,P
377,340,12,0,5,1.25,7,4,2,2,2986,P
378,60,9,0,10,1.25,7,4,2,2,2992,P
379,0,0,0,10,0,7,90,1,-12,3052,P
380,0,0,0,10,0,0,0,0,-14,3054,P
381,120,5,0,10,0,6,79,0,-9,3050,P
382,70,5,0,10,0,6,30,-14,-18,3007,P
383,0,0,0,10,0,5,75,1,-8,3051,P
384,20,4,0,10,0,0,0,-13,-18,3006,P
385,0,0,0,10,0,0,0,0,-7,3054,P
386,110,7,0,10,0,0,0,1,-4,3015,P
387,90,3,0,10,0,6,28,-24,-28,2997,P
388,130,6,0,10,0,7,60,2,-4,3012,P
389,110,8,0,10,0,0,0,-1,-6,3019,P
390,140,4,0,5,1,7,16,3,2,3006,P
391,130,7,0,10,0,6,35,2,1,3000,P
392,130,9,0,5,1,7,4,3,3,3001,P
393,60,8,0,6,0,0,0,-1,-5,3018,P
394,0,0,0,2,1.25,7,3,13,12,2962,P
395,0,0,0,10,0,0,0,-7,-12,3026,P
396,60,10,0,10,0,7,25,-3,-5,3010,P
397,80,5,0,5,10,2,0,0,-2,3007,P
398,60,10,0,10,0,7,25,-3,-5,3010,P
399,100,7,0,10,0,0,0,6,-1,2979,P
400,160,9,0,10,0,7,65,4,-2,3013,P
401,150,6,0,10,0,7,32,-1,-3,3014,P
402,90,3,0,9,0,7,85,-1,-3,3035,P
403,130,3,0,10,0,0,0,-1,-6,3035,P
404,150,6,0,10,0,7,32,-1,-3,3014,P
405,120,7,0,10,0,0,0,-1,-4,3020,P
406,150,6,0,10,0,7,32,-1,-3,3014,P
407,190,3,0,10,0,0,0,-9,-17,3026,P
408,50,3,0,10,0,0,0,-11,-18,3028,P
409,320,3,0,10,0,0,0,0,-2,3028,P
410,140,8,0,10,0,0,0,0,-6,3015,P
411,160,4,0,1,3.25,4,3,0,0,3015,P
412,130,8,0,10,0,7,79,3,-4,3025,P
413,120,7,0,10,0,0,0,-1,-4,3020,P
414,140,5,0,10,1.25,4,48,4,0,3015,P
415,130,6,0,10,0,0,0,2,-7,3019,P
416,160,7,0,10,0,0,0,-16,-21,3009,P
417,160,6,0,10,0,7,60,-17,-19,3006,P
418,0,0,0,10,0,0,0,-14,-24,3005,P
419,80,6,0,10,0,6,19,-6,-8,3013,P
420,320,10,0,2,3.25,6,28,-19,-24,3034,P
421,70,6,0,4,1,7,4,2,2,2995,P
422,160,7,0,10,0,0,0,-16,-21,3009,P
423,170,9,0,10,0,0,0,-13,-18,2992,P
424,90,11,0,8,0,0,0,-1,-3,3004,P
425,100,13,0,6,11,7,15,1,-2,3002,P
426,0,0,0,10,1.25,7,47,3,0,3013,P
427,0,0,0,10,0,7,79,3,-8,3052,P
428,120,6,0,10,0,0,0,-1,-10,3045,P
429,140,8,0,10,0,0,0,-21,-24,3005,P
430,270,4,0,6,3.25,6,11,-8,-11,2965,P
431,240,12,0,1,3.25,8,18,-16,-21,2978,P
432,80,12,0,3,10,7,11,-1,-2,3005,P
433,0,0,0,10,0,0,0,3,-6,3056,P
434,120,18,26,10,0,0,0,-6,-9,3001,P
435,0,0,0,10,0,0,0,0,-8,3056,P
436,120,17,0,10,0,0,0,-3,-8,3018,P
437,130,4,0,10,0,0,0,-18,-28,2989,P
438,130,11,0,10,0,0,0,-9,-16,3018,P
439,40,4,0,10,0,7,70,-1,-9,3045,P
440,90,4,0,1,3.25,8,12,-2,-3,3026,P
441,80,10,0,5,10,4,8,1,-2,3020,P
442,0,0,0,10,0,0,0,-3,-6,3017,P
443,110,10,0,8,0,0,0,2,-1,3001,P
444,90,10,0,10,0,7,38,5,1,2994,P
445,100,10,0,10,0,0,0,-3,-9,3032,P
446,80,8,0,10,0,0,0,-1,-5,3029,P
447,200,3,0,10,0,5,60,0,-8,3050,P
448,30,3,0,2,3.25,6,12,-2,-3,3032,P
449,110,9,0,8,0,0,0,1,-1,3004,P
450,50,5,0,1,3.25,7,13,-8,-8,3011,P
451,0,0,0,10,0,0,0,-20,-25,3004,P
452,40,8,0,10,0,0,0,-15,-21,2968,P
453,40,6,0,0,3.25,8,14,-3,-5,2990,P
454,0,0,0,10,0,0,0,-21,-25,3005,P
455,50,14,0,7,0,0,0,-3,-5,3014,P
456,60,5,0,10,0,0,0,-1,-9,3045,P
457,0,0,0,10,0,0,0,1,-3,3010,P
458,40,8,0,10,0,0,0,-15,-21,2968,P
459,0,12,18,10,0,7,35,2,-1,2979,P
460,70,4,0,7,0,0,0,-3,-6,3035,P
461,170,4,0,10,0,0,0,-19,-24,3000,P
462,0,0,0,10,0,0,0,-21,-25,3005,P
463,170,3,0,10,0,5,79,3,-9,3050,P
464,130,9,0,2,10,7,9,-6,-6,2995,P
465,340,4,0,10,0,0,0,-3,-9,3020,P
466,120,11,0,6,10,7,9,2,1,3002,P
467,0,0,0,10,0,0,0,-16,-24,3006,P
468,150,8,0,7,1.25,5,9,4,2,3009,P
469,130,7,0,1,3.25,6,4,1,0,3017,P
470,130,7,0,10,0,0,0,-17,-22,2995,P
471,310,7,0,2,3.25,7,16,-9,-12,2962,P
472,130,5,0,10,0,0,0,-17,-25,2995,P
473,130,5,0,10,0,0,0,-17,-25,2995,P
474,150,17,0,10,0,0,0,-11,-15,3011,P
475,140,8,0,10,0,7,45,-7,-10,2990,P
476,150,4,0,10,0,7,16,-2,-4,2985,P
477,340,8,0,6,3.25,7,16,-9,-12,2962,P
478,40,4,0,8,0,0,0,-6,-9,3052,P
479,50,8,0,9,0,0,0,-6,-8,3039,P
480,40,3,0,10,0,0,0,-16,-17,3011,P
481,350,6,0,10,0,0,0,-2,-6,3013,P
482,90,3,0,10,0,0,0,-16,-25,3004,P
483,0,15,0,0,3,7,7,-3,-4,2970,P
484,20,19,0,2,1.25,7,4,1,-1,2963,P
485,80,5,0,6,8,4,60,-1,-4,3034,P
486,120,13,0,10,0,0,0,-9,-12,3013,P
487,70,9,0,10,0,0,0,-7,-8,3040,P
488,100,5,0,2,10,7,4,-4,-5,2993,P
489,150,10,0,10,0,0,0,-19,-21,3000,P
490,270,5,0,5,1.25,7,4,1,0,3004,P
491,260,6,0,1,3.25,7,3,-2,-3,2995,P
492,100,3,0,6,10,6,15,1,0,3012,P
493,150,4,0,10,0,7,16,-2,-4,2985,P
494,0,0,0,10,0,0,0,-2,-3,2987,P
495,140,5,0,9,0,0,0,-2,-4,3004,P
496,140,5,0,9,0,0,0,-2,-4,3004,P
497,10,4,0,2,3.25,7,11,-9,-11,2954,P
498,100,3,0,10,0,6,79,-13,-17,3015,P
499,180,7,0,9,3.25,7,45,-15,-19,3006,P
500,70,4,0,10,8,4,120,0,-5,3048,P
501,270,4,0,1,3.25,7,3,1,0,3002,P
502,270,5,0,5,1.25,7,4,1,0,3004,P
503,270,7,0,3,3.25,7,4,1,1,3002,P
504,0,0,0,8,3.25,5,14,-8,-11,2969,P
505,270,5,0,5,1.25,7,4,1,0,3004,P
506,300,7,0,5,10,7,16,1,-1,3011,P
507,300,6,0,9,0,0,0,1,-1,3012,P
508,120,13,0,10,0,0,0,-3,-8,3012,P
509,80,9,0,10,0,0,0,4,3,2988,P
510,0,0,0,10,0,0,0,1,-9,3060,P
511,280,5,0,10,0,0,0,-5,-8,3014,P
512,250,18,0,6,10,6,9,-4,-7,2957,P
513,140,5,0,10,0,7,43,-2,-8,3029,P
514,300,4,0,7,0,0,0,1,-1,3007,P
515,0,0,0,10,0,0,0,-6,-9,3010,P
516,70,11,0,10,0,7,110,-8,-11,3010,P
517,80,10,0,6,10,7,23,1,-1,3004,P
518,70,14,0,10,0,0,0,-4,-6,3009,P
519,50,7,0,10,0,7,95,-7,-9,3012,P
520,240,5,0,10,0,0,0,-7,-10,2969,P
521,100,9,0,10,0,7,21,2,-1,3005,P
522,110,12,0,10,0,0,0,-8,-12,3012,P
523,100,13,0,8,0,0,0,-2,-6,3026,P
524,80,16,22,10,0,0,0,-6,-9,2995,P
525,90,11,0,10,0,0,0,-3,-6,3015,P
526,350,3,0,10,0,0,0,-15,-18,3005,P
527,180,8,0,10,0,6,95,-1,-5,2960,P
528,0,0,0,10,0,0,0,-1,-9,3054,P
529,140,5,0,10,0,7,41,-3,-8,2954,P
530,120,5,0,10,0,0,0,-8,-13,3025,P
531,190,3,0,10,0,0,0,-13,-18,3012,P
532,0,0,0,4,11,2,0,-14,-17,3036,P
533,130,7,0,10,0,0,0,7,6,2993,P
534,60,4,0,0,9,8,2,0,0,2989,P
535,90,3,0,3,1.25,6,4,4,4,2990,P
536,40,5,0,10,0,0,0,2,-5,3028,P
537,40,11,0,10,0,0,0,-7,-9,2982,P
538,40,11,0,10,0,0,0,-7,-9,2982,P
539,80,15,0,10,0,0,0,-2,-7,3019,P
540,70,8,0,10,0,4,95,-4,-8,3028,P
541,100,5,0,10,0,0,0,-6,-7,2995,P
542,40,9,0,6,10,7,21,-3,-4,3006,P
543,60,9,0,10,0,7,70,-2,-5,3014,P
544,50,13,0,10,0,7,29,-3,-6,3012,P
545,80,11,0,5,0.25,7,9,-1,-3,2978,P
546,100,14,23,10,0,0,0,-4,-9,3013,P
547,0,0,0,10,0,0,0,6,-7,3005,P
548,250,2,0,10,0,0,0,5,-7,3004,P
549,250,2,0,10,0,0,0,5,-7,3004,P
550,270,9,0,10,1.25,5,19,3,1,2931,P
551,50,10,0,10,0,7,110,-2,-5,3013,P
552,80,10,0,9,0,0,0,-2,-5,3010,P
553,40,13,0,10,0,0,0,1,-7,3013,P
554,90,14,0,10,0,0,0,-3,-6,3007,P
555,80,10,0,9,0,0,0,-2,-5,3010,P
556,60,9,0,10,0,6,14,-3,-6,3013,P
557,70,5,0,4,10,7,8,1,-1,2988,P
558,340,9,0,8,0,7,37,2,-2,2995,P
559,110,17,0,10,1.25,4,31,1,-3,2995,P
560,90,16,22,10,0,0,0,-4,-8,3013,P
561,90,16,22,10,0,0,0,-4,-8,3013,P
562,210,4,0,10,0,0,0,-14,-18,3006,P
563,130,12,19,10,0,7,25,-1,-4,2987,P
564,90,16,22,10,0,0,0,-4,-8,3013,P
565,80,13,0,10,0,0,0,-4,-7,3015,P
566,110,11,0,10,0,0,0,3,-2,3004,P
567,240,3,0,10,0,0,0,-27,-29,3009,P
568,10,6,0,5,10,6,13,1,-2,2990,P
569,60,14,19,10,0,0,0,1,-6,3007,P
570,0,0,0,10,0,7,65,2,-6,3013,P
571,60,13,0,10,0,7,30,-2,-6,3012,P
572,50,6,0,10,0,7,28,-3,-5,3011,P
573,60,9,0,6,10,7,22,-2,-4,3009,P
574,0,0,0,10,0,0,0,3,-6,3012,P
575,80,8,0,9,0,0,0,2,-2,3000,P
576,80,11,0,7,0,0,0,-1,-4,3010,P
577,70,4,0,1,3.25,8,14,-4,-5,3015,P
578,60,13,0,10,0,0,0,-1,-5,3012,P
579,80,17,0,10,0,0,0,1,-1,2990,P
580,10,5,0,8,0,7,41,1,-2,3004,P
581,0,0,0,10,0,7,65,2,-6,3013,P
582,0,0,0,10,0,0,0,0,-8,3004,P
583,10,4,0,10,0,7,70,3,-4,3013,P
584,360,5,0,10,0,0,0,2,-4,3013,P
585,50,2,0,10,0,6,44,2,-4,3013,P
586,70,6,0,4,3.25,6,38,-4,-6,3014,P
587,80,11,0,7,0,0,0,-1,-4,3010,P
588,60,13,0,10,0,7,30,-2,-6,3012,P
589,90,4,0,4,1.25,7,4,1,0,2995,P
590,80,8,0,10,0,0,0,-6,-7,3001,P
591,0,0,0,10,0,0,0,-7,-8,3010,P
592,180,4,0,8,1.25,6,26,4,2,2987,P
593,0,0,0,10,0,0,0,-7,-8,3010,P
594,70,14,0,10,2.25,7,8,1,-1,2996,P
595,290,6,0,1,3.25,8,12,-7,-8,2968,P
596,10,7,0,9,3.25,7,36,-14,-17,2970,P
597,0,0,0,8,0,7,55,2,2,2993,P
598,90,14,24,10,0,0,0,-2,-6,3013,P
599,90,15,21,10,0,0,0,-2,-6,3018,P
600,130,5,0,6,10,5,15,-7,-9,2993,P
601,40,11,0,8,3.25,7,32,1,-4,3010,P
602,360,2,0,10,0,0,0,-2,-3,2954,P
603,0,19,0,9,0,0,0,2,-4,2971,P
604,70,16,0,10,0,0,0,0,-6,3014,P
605,130,19,0,3,10,7,4,-2,-2,2987,P
606,120,11,0,3,1.25,6,8,3,2,3004,P
607,90,6,0,6,1.25,7,4,2,1,3004,P
608,110,4,0,10,0,0,0,12,9,2994,P
609,60,10,0,10,0,0,0,2,-1,2993,P
610,20,5,0,0,9,8,3,3,2,2984,P
611,50,11,0,10,0,0,0,2,-2,2994,P
612,100,8,0,10,1.25,4,28,8,8,2905,P
613,100,8,0,10,1.25,4,28,8,8,2905,P
614,80,11,0,10,0,0,0,0,-5,3009,P
615,80,11,0,10,0,0,0,0,-5,3009,P
616,70,10,0,10,0,0,0,1,-3,3003,P
617,70,14,0,10,0,0,0,1,-6,3001,P
618,70,10,0,10,0,0,0,-1,-7,3001,P
619,80,5,0,10,0,0,0,-3,-7,3011,P
620,70,10,15,10,0,0,0,2,-4,3002,P
621,150,13,0,10,0,0,0,26,11,2931,P
622,40,13,0,5,1,5,16,6,4,2988,P
623,130,4,0,10,0,0,0,-5,-12,3038,P
624,0,0,0,10,0,0,0,-4,-11,3047,P
625,60,3,0,10,0,0,0,-3,-10,3039,P
626,290,6,0,10,0,0,0,6,0,2984,P
627,90,8,0,10,0,0,0,-8,-12,3038,P
628,0,17,0,5,10,7,8,-4,-5,3004,P
629,90,13,0,5,10,7,9,-3,-4,3007,P
630,0,0,0,10,0,0,0,-4,-11,3047,P
631,330,3,0,10,0,0,0,-1,-8,3037,P
632,270,11,0,10,0,0,0,7,-1,2985,P
633,90,8,0,10,0,0,0,-8,-12,3038,P
634,170,6,0,10,0,0,0,4,-11,3045,P
635,0,0,0,10,0,0,0,-2,-8,3057,P
636,30,10,0,10,1.25,4,50,4,-1,2996,P
637,360,8,0,10,8,7,70,2,-4,2998,P
638,100,16,0,3,10,7,7,-2,-4,3004,P
639,100,16,0,3,10,7,7,-2,-4,3004,P
640,110,5,0,10,0,0,0,4,-3,3054,P
641,130,4,0,10,0,0,0,-5,-12,3038,P
642,140,7,0,10,0,7,110,-11,-14,3038,P
643,110,14,0,6,11,7,9,-2,-5,3010,P
644,70,10,0,10,0,0,0,-3,-7,3012,P
645,140,10,0,10,0,7,90,-13,-16,3036,P
646,70,14,20,4,10,7,4,-3,-4,3009,P
647,50,10,0,6,0.25,7,8,-3,-4,2998,P
648,40,5,0,10,0,0,0,-5,-8,3006,P
649,140,3,0,10,0,0,0,-1,-12,3057,P
650,0,0,0,10,0,0,0,-3,-8,3056,P
651,0,0,0,10,0,0,0,-9,-19,3039,P
652,80,11,0,10,0,0,0,-7,-11,2993,P
653,200,5,0,10,0,0,0,-11,-18,3027,P
654,90,12,0,6,10,7,11,-4,-6,3003,P
655,10,8,0,10,0,0,0,-8,-9,3006,P
656,110,4,0,3,11,6,14,1,-2,3025,P
657,80,3,0,10,0,0,0,-1,-6,3057,P
658,70,11,0,10,0,0,0,-6,-11,2998,P
659,360,7,0,10,0,0,0,-3,-6,2998,P
660,100,15,0,7,0,0,0,-1,-3,3009,P
661,0,12,18,2,0.25,7,7,-1,-2,2979,P
662,80,7,0,10,0,0,0,-5,-7,3000,P
663,350,8,0,10,0,0,0,-6,-8,3006,P
664,100,4,0,10,0,7,37,-2,-8,3019,P
665,30,11,16,10,0,0,0,-8,-10,2982,P
666,100,9,0,4,10,7,2,-2,-4,2970,P
667,50,11,0,10,0,7,14,-6,-8,3004,P
668,350,8,0,10,0,0,0,-6,-8,3006,P
669,0,0,0,2,3.25,7,4,0,-1,3012,P
670,0,0,0,2,3.25,7,4,0,-1,3012,P
671,70,7,0,10,0,0,0,-7,-12,2995,P
672,60,12,0,10,0,0,0,-7,-11,2995,P
673,0,0,0,7,0,0,0,-12,-13,3045,P
674,70,8,0,9,0,0,0,-6,-8,3037,P
675,150,6,0,10,0,7,90,11,6,3012,P
676,0,0,0,2,3.25,5,18,-2,-3,3020,P
677,70,17,0,10,0,0,0,-3,-6,3013,P
678,70,8,0,10,0,0,0,-8,-12,3001,P
679,80,7,0,10,0,0,0,-3,-7,3011,P
680,0,0,0,7,1.25,4,4,4,3,3017,P
681,90,4,0,1,3.25,6,9,-1,-3,3028,P
682,350,10,0,10,0,0,0,-11,-15,3021,P
683,0,0,0,10,0,0,0,-7,-11,3039,P
684,350,5,0,10,0,0,0,0,-5,3052,P
685,360,3,0,10,0,0,0,0,-7,3052,P
686,0,0,0,10,0,0,0,-2,-5,3051,P
687,0,0,0,10,0,0,0,1,-7,3052,P
688,60,3,0,1,3.25,5,6,-1,-2,3027,P
689,100,5,0,8,0,0,0,-12,-14,3034,P
690,90,15,0,4,10,7,9,-4,-5,3007,P
691,0,0,0,10,0,0,0,-11,-16,3038,P
692,70,8,0,6,3.25,4,24,-7,-9,3000,P
693,20,6,0,10,0,0,0,-8,-11,3006,P
694,140,3,0,10,0,0,0,-10,-16,3036,P
695,50,3,0,9,0,0,0,-13,-16,3032,P
696,50,5,0,2,10,7,7,2,0,2976,P
697,80,9,0,10,0,0,0,-1,-7,3038,P
698,100,12,0,10,0,0,0,-3,-7,3017,P
699,320,3,0,10,0,0,0,-12,-16,3039,P
700,50,9,0,10,0,0,0,3,-5,3056,P
701,80,6,0,10,0,0,0,3,-6,3039,P
702,0,0,0,5,10,4,19,-1,-3,3019,P
703,80,10,0,10,0,0,0,-5,-8,3012,P
704,20,3,0,9,0,0,0,-13,-16,3031,P
705,80,3,0,10,0,0,0,-1,-6,3057,P
706,0,0,0,10,0,0,0,-2,-7,3057,P
707,330,12,0,10,0,0,0,-3,-9,3000,P
708,0,0,0,4,10,7,9,-4,-6,3004,P
709,100,14,0,4,10,7,8,-4,-6,3005,P
710,70,9,0,10,0,0,0,2,-8,3048,P
711,70,9,0,10,0,0,0,-5,-8,3009,P
712,60,4,0,10,0,0,0,-7,-12,2998,P
713,90,14,0,10,0,0,0,5,1,2981,P
714,60,11,17,10,0,6,95,1,-2,2976,P
715,50,13,0,10,0,0,0,1,-3,2978,P
716,340,15,0,4,1.25,6,4,4,4,2979,P
717,310,4,16,10,0,0,0,2,-2,3042,P
718,190,5,0,10,0,6,120,-12,-14,3045,P
719,20,5,0,10,0,0,0,-10,-12,3003,P
720,80,5,0,10,0,7,110,-4,-9,3002,P
721,280,2,0,10,0,0,0,-17,-21,3047,P
722,30,7,0,10,0,0,0,2,-2,3004,P
723,0,0,0,10,0,0,0,-7,-9,3004,P
724,350,2,0,7,0,0,0,1,-3,3004,P
725,140,15,0,4,10,7,4,-1,-2,2982,P
726,50,5,0,10,0,7,79,-5,-11,3004,P
727,40,4,0,10,0,7,100,-4,-9,3002,P
728,0,0,0,10,0,0,0,2,-1,3017,P
729,30,11,0,10,0,0,0,-2,-4,2971,P
730,290,8,0,8,0,0,0,-7,-11,3002,P
731,100,11,19,10,0,0,0,3,-1,2969,P
732,360,4,0,10,0,0,0,2,-2,2971,P
733,40,4,0,10,0,0,0,-1,-4,2973,P
734,20,7,0,2,10,7,3,2,1,2967,P
735,0,20,0,8,3.25,7,9,1,-1,2975,P
736,90,14,0,10,0,0,0,-1,-4,2982,P
737,100,11,17,10,1.25,7,48,1,-2,2973,P
738,50,7,0,10,0,0,0,-3,-5,2975,P
739,20,9,0,10,0,0,0,-5,-8,2979,P
740,200,5,0,4,10,7,4,-8,-9,3009,P
741,0,0,0,10,0,0,0,-1,-6,2993,P
742,90,14,0,10,0,0,0,-1,-4,2982,P
743,90,14,0,10,0,0,0,-1,-4,2982,P
744,270,4,0,10,0,0,0,-9,-10,3009,P
745,250,4,0,10,0,0,0,4,1,2945,P
746,250,4,0,10,0,0,0,4,1,2945,P
747,60,11,0,10,0,0,0,-7,-11,2982,P
748,10,7,0,4,1.25,7,3,4,3,2946,P
749,350,7,0,10,0,0,0,1,0,2964,P
750,120,5,0,10,0,0,0,-4,-5,3012,P
751,10,7,0,4,10,7,2,3,2,2963,P
752,360,13,0,7,1.25,7,2,2,1,2962,P
753,0,0,0,10,0,0,0,-8,-11,3004,P
754,250,4,0,10,1.25,4,12,3,2,2937,P
755,60,11,0,0,1.25,7,3,3,3,2945,P
756,120,10,0,1,10,8,2,4,4,2993,P
757,110,16,21,10,0,7,26,2,-1,2971,P
758,200,8,0,10,0,0,0,3,-2,3012,P
759,70,13,0,4,3.25,7,7,1,1,2940,P
760,0,0,0,10,0,0,0,2,-3,3020,P
761,140,7,0,10,0,7,100,-1,-3,3006,P
762,80,7,0,7,8,7,12,-2,-5,2975,P
763,100,22,0,10,1.25,7,9,1,0,2963,P
764,50,11,21,3,3.25,5,14,-3,-5,2965,P
765,200,9,0,10,0,0,0,3,-2,3025,P
766,90,14,0,1,3.25,5,16,0,-1,2971,P
767,100,22,0,10,1.25,7,9,1,0,2963,P
768,100,13,20,6,0.25,7,11,-1,-2,2956,P
769,360,10,0,5,10,7,4,-2,-3,2979,P
770,160,7,0,0,0,8,2,-8,-10,3004,P
771,0,0,0,8,0,7,32,2,-3,3022,P
772,110,2,0,10,0,7,41,-3,-6,3013,P
773,90,13,19,4,1,6,14,1,-1,2965,P
774,290,19,27,10,0,0,0,3,-6,2965,P
775,90,16,0,10,0,7,25,-2,-6,2984,P
776,90,7,0,10,0,0,0,0,-3,3020,P
777,110,11,0,4,3.25,7,4,-1,-2,3005,P
778,290,4,0,2,3.25,6,8,-2,-3,3023,P
779,60,5,0,10,0,7,30,-1,-5,2989,P
780,110,8,0,6,8,7,9,-1,-1,3019,P
781,110,8,0,10,0,0,0,-2,-4,3012,P
782,60,5,0,10,0,7,32,-1,-3,2992,P
783,60,5,0,10,0,7,32,-1,-3,2992,P
784,330,9,0,6,3.25,5,39,-2,-6,3020,P
785,80,9,0,10,0,0,0,2,-1,2980,P
786,80,10,0,10,0,6,90,6,0,2977,P
787,70,8,0,10,0,7,90,2,-5,2984,P
788,40,14,20,10,0,0,0,3,-3,2973,P
789,20,9,15,10,0,0,0,9,-9,2970,P
790,80,5,0,10,0,0,0,5,-6,2970,P
791,30,10,0,10,0,0,0,1,-2,2970,P
792,30,10,0,10,0,0,0,1,-2,2970,P
793,20,9,0,10,0,0,0,6,-2,2979,P
794,40,5,0,10,0,0,0,-2,-3,2977,P
795,30,10,0,10,0,0,0,1,-2,2970,P
796,50,5,0,10,0,0,0,4,-4,2976,P
797,110,14,0,3,10,7,4,-1,-2,2950,P
798,80,11,0,10,0,0,0,5,0,2971,P
799,140,11,20,8,0,0,0,6,5,2987,P
800,50,11,0,10,0,0,0,4,0,2985,P
801,40,2,0,10,0,0,0,2,-4,2987,P
802,50,10,0,10,0,0,0,1,-1,3012,P
803,360,7,0,10,0,0,0,1,-7,3000,P
804,60,5,0,10,0,0,0,4,1,2987,P
805,60,5,0,10,0,7,90,3,-3,2978,P
806,10,7,0,10,0,0,0,-3,-11,3020,P
807,20,9,0,10,0,0,0,-4,-9,3022,P
808,50,5,0,10,0,0,0,-3,-7,3006,P
809,20,2,0,10,0,0,0,-3,-7,3004,P
810,90,4,0,10,0,0,0,-3,-7,3003,P
811,60,4,0,10,0,0,0,-3,-8,3035,P
812,150,8,0,10,0,0,0,0,-6,2987,P
813,90,13,0,9,0,0,0,-1,-3,3014,P
814,220,12,0,10,0,0,0,-2,-3,2996,P
815,240,16,0,10,0,0,0,-2,-4,2997,P
816,40,10,15,10,0,0,0,-7,-11,3020,P
817,220,6,0,6,10,7,6,2,1,2987,P
818,230,5,0,5,10,7,7,2,-1,2992,P
819,70,6,0,8,0,0,0,-7,-7,2996,P
820,40,10,0,10,0,7,15,5,-1,2996,P
821,150,9,0,10,0,0,0,-9,-16,3012,P
822,160,13,0,10,0,0,0,-7,-13,3020,P
823,170,18,0,10,0,0,0,-6,-11,3020,P
824,40,8,0,10,0,0,0,-3,-7,3019,P
825,50,8,0,10,0,0,0,-7,-12,3020,P
826,40,12,0,10,0,0,0,-3,-8,3019,P
827,40,14,19,9,0.25,7,11,0,-2,2998,P
828,40,10,0,10,0,0,0,0,-2,2998,P
829,350,6,0,10,0,0,0,-4,-6,2997,P
830,60,5,0,4,10,7,100,-3,-5,3029,P
831,20,12,0,2,1.25,7,7,3,2,2956,P
832,0,16,0,3,1.25,6,9,1,0,2959,P
833,180,6,0,10,0,0,0,-1,-7,2985,P
834,210,9,0,9,3.25,5,32,-6,-9,2990,P
835,90,9,14,10,0,0,0,-7,-11,3021,P
836,10,7,0,3,3.25,5,19,-7,-11,3050,P
837,360,10,0,1,3.25,6,13,-9,-13,3051,P
838,40,11,0,9,0,7,32,-7,-11,3052,P
839,0,14,0,10,0,7,28,-2,-8,3002,P
840,80,8,0,10,0,0,0,-4,-8,3004,P
841,100,16,0,10,0,0,0,-3,-7,2996,P
842,100,16,0,10,0,0,0,-3,-8,3000,P
843,20,8,0,10,0,0,0,-7,-18,3046,P
844,10,14,0,2,3.25,7,3,1,-1,2988,P
845,200,9,0,10,0,0,0,0,-7,3004,P
846,60,7,0,10,0,0,0,-7,-18,3045,P
847,130,4,0,10,0,0,0,2,-7,3019,P
848,0,12,0,10,1,5,7,8,7,2964,P
849,190,10,0,10,0,0,0,17,16,2962,P
850,180,8,0,10,0,0,0,13,13,2968,P
851,170,8,0,5,10,6,8,14,14,2968,P
852,190,10,16,10,0,0,0,17,16,2976,P
853,0,0,0,0,9,7,3,12,12,2960,P
854,240,13,0,7,1,6,9,16,15,2962,P
855,130,14,0,9,0,7,38,12,12,2980,P
856,100,4,0,10,0,7,70,0,-4,2993,P
857,150,7,0,10,0,0,0,-7,-16,3031,P
858,60,3,0,10,0,0,0,-3,-9,3036,P
859,130,5,0,10,0,0,0,-3,-9,3039,P
860,70,5,0,10,0,0,0,-4,-7,3037,P
861,360,13,0,10,0,0,0,11,11,2957,P
862,130,5,0,3,3.25,7,36,-2,-6,3031,P
863,0,0,0,10,0,0,0,4,-9,3032,P
864,0,0,0,10,0,0,0,0,-9,3030,P
865,10,5,0,5,10,6,12,2,0,3015,P
866,330,5,0,9,0,7,25,-2,-4,3012,P
867,70,9,0,10,0,0,0,1,-5,3037,P
868,70,6,0,10,0,0,0,-1,-11,3028,P
869,130,4,0,10,0,0,0,2,-7,3019,P
870,60,10,0,2,1,7,3,3,3,2967,P
871,340,7,0,10,0,0,0,1,-1,2969,P
872,160,3,0,10,0,0,0,9,3,2988,P
873,200,5,0,10,0,0,0,7,3,3004,P
874,0,0,0,10,0,0,0,0,-12,3061,P
875,140,4,0,10,0,0,0,0,-9,3032,P
876,160,3,0,10,0,0,0,1,-16,3051,P
877,100,5,0,10,0,0,0,-1,-6,3034,P
878,290,7,0,10,0,0,0,-2,-8,3014,P
879,140,11,0,10,0,0,0,-4,-9,3015,P
880,350,14,20,8,0,0,0,-3,-3,2969,P
881,160,7,0,9,0,7,75,-8,-14,3017,P
882,130,8,0,10,0,0,0,1,-9,3028,P
883,80,7,0,10,0,0,0,-1,-7,3040,P
884,160,5,0,10,2.25,5,7,13,13,2950,P
885,20,5,0,10,0,0,0,1,-3,3004,P
886,50,4,0,10,0,0,0,4,-8,3039,P
887,60,8,0,1,10,7,3,-2,-2,2995,P
888,100,6,0,10,0,0,0,0,-7,3034,P
889,80,4,0,9,0,7,22,-2,-7,3037,P
890,340,13,0,2,1,7,4,7,6,2959,P
891,160,9,0,10,0,0,0,-7,-13,3026,P
892,140,8,0,10,0,5,50,-6,-13,3021,P
893,70,3,0,10,0,0,0,-1,-7,3043,P
894,100,3,0,10,0,6,100,0,-7,3036,P
895,140,15,0,10,0,0,0,-11,-16,3023,P
896,140,11,16,10,0,0,0,-9,-16,3029,P
897,130,4,0,8,0,0,0,-6,-8,3034,P
898,100,6,0,10,0,0,0,-3,-7,3032,P
899,200,5,0,10,0,0,0,3,-9,3046,P
900,20,15,20,7,3.25,7,9,-7,-11,2998,P
901,120,6,0,10,0,0,0,1,-7,3034,P
902,10,19,24,1,3.25,5,9,0,-2,2987,P
903,120,17,0,10,0,0,0,-3,-8,3018,P
904,20,11,0,7,0,0,0,-8,-10,2992,P
905,150,8,0,10,0,0,0,4,-3,3054,P
906,250,4,0,10,0,0,0,3,-11,3051,P
907,110,6,0,10,0,0,0,-2,-11,2996,P
908,110,6,0,10,0,0,0,-9,-15,2988,P
909,130,8,0,10,0,0,0,2,-3,3015,P
910,100,7,0,10,0,0,0,-3,-8,3011,P
911,110,6,0,10,0,0,0,2,-7,3018,P
912,130,5,0,10,0,7,110,-1,-6,3036,P
913,120,15,0,10,0,0,0,-6,-8,2990,P
914,360,21,28,10,0,0,0,-8,-9,2982,P
915,340,13,0,9,0,6,13,-3,-3,2967,P
916,160,20,26,10,0,0,0,7,0,2984,P
917,130,11,0,10,0,0,0,-7,-11,3011,P
918,50,5,0,10,0,0,0,-6,-12,2998,P
919,150,10,0,10,0,0,0,3,1,3013,P
920,280,5,0,10,1.25,4,36,7,4,2989,P
921,0,0,0,10,1.25,7,47,3,0,3013,P
922,90,3,0,9,0,7,85,-1,-3,3035,P
923,130,8,0,10,0,7,79,3,-4,3025,P
924,340,11,0,10,0,0,0,1,-3,3028,P
925,10,8,0,9,0,0,0,-2,-4,3029,P
926,320,8,0,10,1,5,24,7,6,2995,P
927,20,15,20,2,1.25,7,6,2,1,2960,P
928,20,12,0,0,0,7,2,-6,-6,2985,P
929,160,5,0,6,1.25,7,79,14,13,2957,P
930,270,4,0,6,3.25,6,11,-8,-11,2965,P
931,100,4,0,5,1.25,6,8,8,7,2968,P
932,140,10,0,7,1.25,5,16,7,6,2969,P
933,260,13,0,5,1.5,4,4,13,13,2957,P
934,160,5,0,6,1.25,7,79,14,13,2957,P
935,210,5,0,10,0,0,0,-3,-15,3017,P
936,40,8,0,7,0,0,0,1,-1,3026,P
937,330,12,0,3,8,7,6,2,1,3003,P
938,110,5,0,10,0,0,0,2,-7,3031,P
939,340,13,0,2,1,7,4,7,6,2959,P
940,140,13,0,10,0,0,0,-6,-13,2995,P
941,30,8,0,3,10,7,4,-6,-6,2986,P
942,190,4,0,10,0,0,0,10,3,3001,P
943,140,8,0,10,0,0,0,1,-6,3027,P
944,110,5,0,5,1,4,49,8,7,2972,P
945,30,8,0,3,10,7,4,-6,-6,2986,P
946,270,21,27,10,0,0,0,1,-2,2950,P
947,0,0,0,10,0,0,0,-13,-16,3042,P
948,70,5,0,10,0,0,0,-4,-7,3037,P
949,60,10,0,2,1,7,3,3,3,2967,P
950,40,6,0,3,1,7,9,4,3,2971,P
951,180,5,0,4,1.25,6,6,2,1,2964,P
952,310,13,0,10,0,6,47,-6,-9,2987,P
953,0,0,0,10,0,0,0,-14,-17,3059,P
954,190,5,0,4,3.25,7,39,-12,-17,3034,P
955,230,3,0,10,0,0,0,-18,-25,3036,P
956,0,0,0,10,0,0,0,-13,-21,3038,P
957,240,3,0,10,0,0,0,-19,-27,3037,P
958,0,0,0,10,0,0,0,-9,-17,3037,P
959,210,8,0,10,0,0,0,-14,-20,3030,P
960,0,0,0,10,0,0,0,-8,-11,3044,P
961,70,8,0,10,0,0,0,-2,-12,3054,P
962,90,4,0,9,0,0,0,-10,-11,3055,P
963,40,3,0,0,9,7,2,8,8,2960,P
964,30,7,0,10,0,0,0,-13,-19,3054,P
965,20,9,0,10,0,0,0,0,-7,3067,P
966,350,12,0,10,0,6,100,-2,-8,3062,P
967,40,12,0,10,0,0,0,-1,-7,3062,P
968,20,10,0,10,0,0,0,-2,-10,3067,P
969,30,11,0,10,0,0,0,-1,-7,3064,P
970,20,3,0,10,0,0,0,1,-7,3067,P
971,360,7,0,10,0,7,120,-1,-6,3063,P
972,0,0,0,10,0,0,0,-17,-21,3015,P
973,20,9,0,10,0,0,0,0,-7,3067,P
974,10,15,0,10,0,0,0,6,-4,3052,P
975,40,3,0,10,0,0,0,-6,-8,3055,P
976,100,6,0,10,0,0,0,-7,-11,3054,P
977,80,9,0,10,0,0,0,0,-6,3038,P
978,220,3,0,10,0,0,0,-3,-8,3037,P
979,60,11,0,8,0,0,0,-2,-4,3012,P
980,60,11,0,8,0,0,0,-2,-4,3012,P
981,80,4,0,10,0,0,0,-4,-9,3052,P
982,130,4,0,10,0,0,0,-3,-10,3053,P
983,70,5,0,10,0,0,0,0,-7,3048,P
984,40,5,0,4,10,7,3,1,0,2986,P
985,60,5,0,6,1.25,7,4,3,1,3009,P
986,50,5,0,10,0,0,0,1,-5,3045,P
987,90,7,0,10,0,0,0,1,-4,3045,P
988,90,7,0,10,0,0,0,-3,-7,3048,P
989,0,0,0,10,0,0,0,-6,-10,3056,P
990,220,12,0,10,0,0,0,-14,-24,3038,P
991,0,0,0,10,0,0,0,-13,-21,3038,P
992,70,8,0,10,0,0,0,-14,-20,3055,P
993,20,12,0,10,0,0,0,1,-6,3064,P
994,110,3,0,10,0,0,0,-3,-9,3054,P
995,70,6,0,10,0,0,0,-2,-7,3053,P
996,50,5,0,10,0,0,0,-3,-8,3055,P
997,70,6,0,10,0,0,0,-2,-7,3053,P
998,70,6,0,10,0,0,0,-1,-8,3040,P
999,110,3,0,10,0,0,0,-3,-9,3054,P
1000,80,5,0,10,0,0,0,-4,-9,3053,P
1001,90,6,0,10,0,0,0,-3,-6,3045,P
1002,40,6,0,10,0,0,0,-3,-7,3045,P
1003,80,5,0,10,0,0,0,-3,-6,3040,P
1004,20,12,0,10,0,0,0,1,-6,3064,P
1005,50,7,0,0,0,8,2,-1,-1,2978,P
1006,200,3,0,10,0,0,0,-6,-12,3050,P
1007,0,0,0,10,0,0,0,-8,-13,3057,P
1008,110,3,0,10,0,0,0,-3,-9,3054,P
1009,0,0,0,10,0,0,0,-14,-22,3034,P
1010,210,8,0,10,0,0,0,-14,-20,3030,P
1011,70,10,0,10,0,0,0,0,-4,2982,P
1012,20,5,0,10,0,7,110,-1,-4,3021,P
1013,50,7,0,5,10,7,4,3,1,3015,P
1014,130,5,0,2,1,7,6,3,2,3011,P
1015,100,14,19,10,0,0,0,0,-5,2980,P
1016,100,19,24,10,0,0,0,-1,-9,2971,P
1017,40,15,0,10,0,0,0,-7,-9,3029,P
1018,50,9,0,10,0,0,0,-6,-8,3020,P
1019,20,16,0,10,0,0,0,-7,-9,3028,P
1020,50,9,0,10,0,0,0,-6,-8,3020,P
1021,340,7,0,10,0,0,0,-2,-8,3025,P
1022,30,5,0,10,0,0,0,3,-1,3018,P
1023,220,14,0,9,0,0,0,3,1,2938,P
1024,90,7,0,8,0,0,0,-4,-6,3018,P
1025,20,9,0,8,0,0,0,0,-6,3020,P
1026,20,5,0,10,0,0,0,4,-4,3017,P
1027,70,10,0,10,0,0,0,3,-8,3020,P
1028,80,5,0,10,0,7,110,1,-11,3022,P
1029,80,5,0,10,0,0,0,2,-3,3022,P
1030,130,5,0,10,0,7,38,-2,-6,3014,P
1031,30,2,0,10,0,5,70,3,-10,3032,P
1032,70,7,0,10,0,0,0,1,-3,3020,P
1033,40,5,0,10,0,0,0,7,-6,3013,P
1034,100,7,0,10,0,0,0,4,-8,3018,P
1035,330,5,0,9,0,7,25,-2,-4,3012,P
1036,330,11,0,2,3.25,7,4,-11,-12,2971,P
1037,100,4,0,10,0,0,0,6,1,3010,P
1038,130,5,0,10,0,0,0,5,-2,3029,P
1039,350,4,0,10,0,0,0,-2,-7,3028,P
1040,100,6,0,8,8,7,9,0,-1,3004,P
1041,10,5,0,9,0,6,120,1,-5,3026,P
1042,350,8,0,8,0,0,0,2,-4,3021,P
1043,90,11,0,7,8,7,7,0,-1,3004,P
1044,0,14,19,5,10,6,7,1,-1,3017,P
1045,60,5,0,4,1.25,4,3,6,4,3012,P
1046,60,8,0,9,0,0,0,4,-1,3014,P
1047,0,17,0,6,10,7,8,-1,-2,3014,P
1048,340,11,0,7,0,0,0,1,-1,3015,P
1049,0,17,0,6,10,7,8,-1,-2,3014,P
1050,330,5,0,10,0,0,0,-6,-9,3026,P
1051,20,10,0,10,0,0,0,3,0,3017,P
1052,10,8,0,10,0,7,85,-7,-9,3029,P
1053,360,10,0,10,0,0,0,-7,-10,3029,P
1054,50,16,0,6,11,7,15,-7,-10,3029,P
1055,40,16,0,10,0,7,33,-6,-8,3026,P
1056,20,13,0,10,0,7,50,-7,-11,3034,P
1057,70,5,0,10,0,0,0,-5,-8,3028,P
1058,10,2,0,10,0,0,0,1,-2,2994,P
1059,0,14,0,10,0,6,120,2,-2,2989,P
1060,30,4,0,10,0,0,0,4,0,2993,P
1061,20,2,0,10,0,0,0,4,-1,2993,P
1062,0,0,0,10,0,0,0,4,-1,2995,P
1063,20,15,22,3,3.25,7,6,2,1,2955,P
1064,40,5,0,0,3,8,7,1,1,2971,P
1065,70,8,0,10,0,4,95,-1,-3,2987,P
1066,0,0,0,10,0,0,0,-5,-10,3025,P
1067,80,5,0,10,0,0,0,-9,-14,3025,P
1068,120,9,0,10,0,0,0,-11,-13,2993,P
1069,70,8,0,4,10,7,6,-8,-8,3029,P
1070,90,8,0,10,0,0,0,-6,-10,3039,P
1071,220,2,0,10,0,6,90,-6,-22,3038,P
1072,120,9,0,8,0,0,0,-12,-14,2994,P
1073,120,7,0,9,0,7,41,-9,-12,3032,P
1074,100,7,0,8,8,7,9,-7,-11,3029,P
1075,30,10,0,0,0,7,2,-3,-3,2984,P
1076,0,0,0,10,0,7,90,-13,-15,3046,P
1077,80,13,0,10,0,0,0,-3,-8,3002,P
1078,50,6,0,10,0,0,0,-7,-10,3054,P
1079,90,3,0,10,0,7,85,-4,-9,3023,P
1080,70,8,0,9,3.25,7,60,-8,-14,3027,P
1081,70,8,0,9,3.25,7,60,-8,-14,3027,P
1082,0,0,0,10,0,0,0,-11,-15,3044,P
1083,240,7,0,10,0,6,30,12,7,2981,P
1084,120,10,0,10,0,0,0,-10,-13,3036,P
1085,100,6,0,10,0,0,0,-1,-6,3046,P
1086,90,9,0,10,0,0,0,1,-2,2985,P
1087,280,11,0,7,0,0,0,4,-3,2982,P
1088,280,13,0,10,0,0,0,6,-5,2987,P
1089,90,14,0,10,0,0,0,-3,-8,3003,P
1090,360,10,0,10,0,0,0,-8,-14,3004,P
1091,60,3,0,10,0,0,0,-3,-10,3052,P
1092,110,3,0,10,0,0,0,-6,-9,3037,P
1093,130,4,0,10,0,0,0,-3,-10,3053,P
1094,10,11,0,10,0,7,90,2,-6,2997,P
1095,290,8,0,10,0,0,0,5,-4,2988,P
1096,140,6,0,2,3.25,7,7,-11,-13,2988,P
1097,320,10,0,10,0,0,0,-1,-4,2998,P
1098,280,11,0,7,0,0,0,4,-3,2982,P
1099,70,4,0,5,1.25,7,3,4,4,3009,P
1100,60,8,0,2,10,7,4,-4,-4,3017,P
1101,330,8,0,10,0,0,0,-6,-13,3007,P
1102,0,0,0,7,0,0,0,-17,-18,3006,P
1103,320,6,0,10,0,0,0,-1,-4,2995,P
1104,150,3,0,10,0,0,0,1,-5,3010,P
1105,0,0,0,10,0,0,0,3,-7,3060,P
1106,90,9,0,10,0,7,41,-6,-9,3036,P
1107,350,11,0,10,0,0,0,0,-5,3001,P
1108,320,6,0,10,0,0,0,-6,-11,3006,P
1109,0,0,0,10,0,0,0,2,-6,3010,P
1110,80,6,0,10,0,0,0,0,-6,3046,P
1111,40,7,0,10,0,0,0,2,-4,2997,P
1112,280,12,0,10,0,0,0,-12,-17,2987,P
1113,40,7,0,2,8,7,7,-7,-8,2998,P
1114,20,10,0,6,11,2,0,-3,-6,2996,P
1115,250,5,0,10,0,0,0,-14,-26,3028,P
1116,120,12,0,6,10,7,12,-10,-12,3034,P
1117,70,5,0,10,0,0,0,0,-7,3048,P
1118,60,14,0,4,3.25,6,60,-4,-7,2990,P
1119,150,3,0,10,0,0,0,1,-7,3017,P
1120,310,6,0,10,0,0,0,-12,-16,2998,P
1121,290,10,0,10,0,0,0,-7,-9,2995,P
1122,350,11,0,7,0,0,0,3,-1,2988,P
1123,360,11,0,10,0,0,0,-8,-14,3003,P
1124,170,4,0,10,0,0,0,-12,-17,3032,P
1125,40,8,0,10,0,7,75,-9,-15,3005,P
1126,10,8,0,8,0,0,0,-3,-7,2990,P
1127,10,11,0,10,0,0,0,-9,-13,3000,P
1128,120,9,0,10,0,0,0,-11,-13,2993,P
1129,100,10,15,10,0,0,0,-7,-10,3036,P
1130,10,8,0,3,10,7,4,2,2,3011,P
1131,20,11,0,10,0,0,0,3,2,3011,P
1132,360,10,0,10,0,0,0,3,-3,3020,P
1133,360,5,0,5,3.25,5,28,-2,-7,3037,P
1134,10,15,0,10,0,7,70,1,-5,3020,P
1135,10,10,0,10,0,0,0,-1,-6,3029,P
1136,320,11,0,10,0,0,0,1,-9,3032,P
1137,60,11,0,10,0,0,0,2,-3,3006,P
1138,60,14,0,10,0,0,0,3,-2,3009,P
1139,120,5,0,10,0,0,0,13,11,3017,P
1140,140,7,0,10,0,0,0,-3,-5,3043,P
1141,10,9,14,10,0,0,0,4,2,3006,P
1142,330,5,0,10,0,0,0,2,-8,3030,P
1143,360,9,0,10,0,7,21,5,2,3013,P
1144,40,13,0,10,0,0,0,6,1,3012,P
1145,260,5,0,10,0,6,47,5,-1,3019,P
